[
    {
        "Name" : "Henry Sled",
        "Semester" : "Winter",
        "Program" : "Software Develiopment",
        "Cohort" : "SD10",
        "Year" : 2023
    },

    {
        "Name" : "George Reindeer",
        "Semester" : "Fall",
        "Program" : "Hair Styling",
        "Cohort" : "HS11",
        "Year" : 2022
    },

    {
        "Name" : "Sally Snow",
        "Semester" : "Spring",
        "Program" : "Dental Assistant",
        "Cohort" : "DS12",
        "Year" : 2020
    },

    {
        "Name" : "Paul Rudolph",
        "Semester" : "Winter",
        "Program" : "Administrative Assistant",
        "Cohort" : "AA13",
        "Year" : 2021
    },

    {
        "Name" : "Jessica Tims",
        "Semester" : "Summer",
        "Program" : "Micro Credentials",
        "Cohort" : "CU15",
        "Year" : 2024
    },
    
    {
        "Name" : "Alexa Clause",
        "Semester" : "Fall",
        "Program" : "Pharmacy Technician",
        "Cohort" : "PT16",
        "Year" : 2021
    }

]

